Workbook

Sheet 📊 Dashboard
B2: FRAUD ANALYTICS DASHBOARD | iGaming Operations
B3: Data Period: Jan 2025 – Mar 2026 | 500 Transactions | 200 Bonus Records | Auto-updated from raw data sheets
B5: TOTAL TRANSACTIONS | E5: TOTAL BET VOLUME (R) | H5: HIGH RISK TX (Score≥60) | K5: LOCATION MISMATCHES | N5: BONUS ABUSE FLAGS | Q5: NO-KYC TRANSACTIONS
B7: =COUNTA(Transactions!A2:A501) -> 500 | E7: =SUM(Transactions!L2:L501) -> 235922.22 | H7: =COUNTIF(Transactions!R2:R501,">=60") -> 16 | K7: =COUNTIF(Transactions!O2:O501,"YES") -> 22 | N7: =COUNTIF(Bonuses!N2:N201,">=50") -> 8 | Q7: =COUNTIF(Transactions!K2:K501,"No") -> 134
B11: 📡 FRAUD SCORE BY CHANNEL | K11: 🌍 LOGIN COUNTRY RISK SUMMARY
B12: Channel | C12: TX Count | D12: Avg Bet (R) | E12: Avg Fraud Score | F12: High Risk Count | G12: % High Risk | K12: Login Country | L12: TX Count | M12: Total Bet (R) | N12: Total Win (R) | O12: Avg Fraud Score | P12: Risk Level
B13: Sports-Football | C13: 73 | D13: 620.31 | E13: 14.9 | F13: 5 | G13: 0.068493151 | K13: Nigeria | L13: 17 | M13: 29916.06 | N13: 100238.79 | O13: 32.1 | P13: 🟡 MEDIUM
B14: Bonus-Wagering | C14: 79 | D14: 734.72 | E14: 13.2 | F14: 4 | G14: 0.050632911 | K14: Russia | L14: 29 | M14: 40525.73 | N14: 108753.59 | O14: 17.6 | P14: 🟢 LOW
B15: Casino-Slots | C15: 69 | D15: 424.04 | E15: 10.9 | F15: 3 | G15: 0.043478261 | K15: Kenya | L15: 22 | M15: 5222.25 | N15: 4665.33 | O15: 13.6 | P15: 🟢 LOW
B16: Sports-Cricket | C16: 86 | D16: 438.26 | E16: 10.5 | F16: 2 | G16: 0.023255814 | K16: Unknown | L16: 39 | M16: 25827.18 | N16: 74400.13 | O16: 13.6 | P16: 🟢 LOW
B17: Sports-Horse | C17: 60 | D17: 315.03 | E17: 8.2 | F17: 1 | G17: 0.016666667 | K17: Romania | L17: 58 | M17: 51461.96 | N17: 130474.87 | O17: 12.7 | P17: 🟢 LOW
B18: Casino-Live | C18: 76 | D18: 368.5 | E18: 9.1 | F18: 1 | G18: 0.013157895 | K18: Zimbabwe | L18: 23 | M18: 6428.69 | N18: 7860.04 | O18: 10.4 | P18: 🟢 LOW
B19: Casino-Table | C19: 57 | D19: 328.78 | E19: 8.2 | F19: 0 | G19: 0 | K19: South Africa | L19: 312 | M19: 76540.35 | N19: 80425.74 | O19: 8.2 | P19: 🟢 LOW
B22: ⚠️ TOP 15 HIGHEST RISK PLAYERS — Combined transaction + bonus fraud scores
B23: Player ID | C23: Username | D23: TX Count | E23: Total Bet (R) | F23: Total Win (R) | G23: Avg Fraud Score | H23: # Login Countries | I23: Risk Level | J23: Action Required
B24: PLY00067 | C24: user_53719 | D24: 2 | E24: 6999.55 | F24: 26165.97 | G24: 90 | H24: 1 | I24: 🔴 CRITICAL | J24: 🔒 Suspend & Investigate
B25: PLY00178 | C25: user_70482 | D25: 1 | E25: 7296.1 | F25: 15150.74 | G25: 75 | H25: 1 | I25: 🔴 CRITICAL | J25: 🔒 Suspend & Investigate
B26: PLY00099 | C26: user_77889 | D26: 4 | E26: 24148.19 | F26: 91850.1 | G26: 72.5 | H26: 2 | I26: 🔴 CRITICAL | J26: 🔒 Suspend & Investigate
B27: PLY00044 | C27: user_68800 | D27: 1 | E27: 8335.53 | F27: 27688.7 | G27: 70 | H27: 1 | I27: 🔴 CRITICAL | J27: 🔒 Suspend & Investigate
B28: PLY00023 | C28: user_79352 | D28: 4 | E28: 19206.66 | F28: 64844.75 | G28: 67.5 | H28: 3 | I28: 🔴 CRITICAL | J28: 🔒 Suspend & Investigate
B29: PLY00015 | C29: user_99733 | D29: 4 | E29: 16540.6 | F29: 50497.22 | G29: 63 | H29: 2 | I29: 🔴 CRITICAL | J29: 🔒 Suspend & Investigate
B30: PLY00007 | C30: user_89131 | D30: 2 | E30: 5096.03 | F30: 12228.76 | G30: 62.5 | H30: 2 | I30: 🔴 CRITICAL | J30: 🔒 Suspend & Investigate
B31: PLY00082 | C31: user_55309 | D31: 2 | E31: 6147.84 | F31: 18778.43 | G31: 62.5 | H31: 1 | I31: 🔴 CRITICAL | J31: 🔒 Suspend & Investigate
B32: PLY00145 | C32: user_39816 | D32: 2 | E32: 13407.33 | F32: 49613.75 | G32: 55 | H32: 2 | I32: 🟠 HIGH | J32: 📋 Enhanced Review
B33: PLY00113 | C33: user_97670 | D33: 1 | E33: 8703.97 | F33: 22761.2 | G33: 55 | H33: 1 | I33: 🟠 HIGH | J33: 📋 Enhanced Review
B34: PLY00197 | C34: user_49251 | D34: 1 | E34: 77.02 | F34: 16.46 | G34: 30 | H34: 1 | I34: 🟡 MEDIUM | J34: 👁 Monitor
B35: PLY00193 | C35: user_98389 | D35: 1 | E35: 184.92 | F35: 317.67 | G35: 30 | H35: 1 | I35: 🟡 MEDIUM | J35: 👁 Monitor
... B38: PLY00199 | C38: user_99364 | D38: 1 | E38: 419.48 | F38: 189.72 | G38: 30 | H38: 1 | I38: 🟡 MEDIUM | J38: 👁 Monitor
B41: ℹ️ HOW TO USE THIS DASHBOARD
B42: 1. PASTE your raw transaction data into the 'Transactions' sheet (columns A–N) — fraud scores auto-calculate.
B43: 2. PASTE bonus data into the 'Bonuses' sheet — abuse scores auto-calculate based on wager ratio, multi-account flags, and KYC status.
B44: 3. This Dashboard auto-updates — all KPI cards and tables pull live from the raw data sheets via formulas.
B45: 4. Use the '🚨 Fraud Alerts' sheet for a focused view of flagged transactions, location mismatches, and bonus abuse cases.
B46: 5. FRAUD SCORE formula: Location Mismatch +30 | Win Ratio >3x +25 | No KYC +20 | Bet >R1000 +15 | Unknown Device +10
B47: 6. ABUSE SCORE formula: Multi-Account Flag +35 | Wager Ratio <50% +30 | No KYC +20 | Withdrawal >60% of bonus +15

Sheet Transactions
A1: TX ID | B1: Player ID | C1: Username | D1: Date | E1: Time | F1: Channel | G1: Device | H1: Reg Country | I1: Login Country | J1: Login City | K1: KYC Verified | L1: Bet Amount (R) | M1: Win Amount (R) | N1: Net Result (R) | O1: Location Mismatch | P1: VIP Level | Q1: Win Ratio | R1: FRAUD SCORE
A2: TX10000 | B2: PLY00150 | C2: user_74454 | D2: 45731 | E2: 07:29 | F2: Sports-Cricket | G2: Mobile-Android | H2: Russia | I2: Russia | J2: Moscow | K2: Yes | L2: 322.57 | M2: 326.14 | N2: 3.57 | O2: No | P2: 1 | Q2: =IF(L2=0,0,M2/L2) -> 1.0110674 | R2: =IF(O2="YES",30,0)+IF(Q2>3,25,IF(Q2>2,10,0))+IF(K2="No",20,0)+IF(L2>1000,15,IF(L2>500,7,0))+IF(G2="Unknown-Device",10,0) -> 0
A3: TX10001 | B3: PLY00120 | C3: user_14067 | D3: 45805 | E3: 21:34 | F3: Sports-Football | G3: Tablet | H3: Unknown | I3: Unknown | J3: VPN/Proxy | K3: No | L3: 87.41 | M3: 84.95 | N3: -2.46 | O3: No | P3: 0 | Q3: =IF(L3=0,0,M3/L3) -> 0.97185677 | R3: =IF(O3="YES",30,0)+IF(Q3>3,25,IF(Q3>2,10,0))+IF(K3="No",20,0)+IF(L3>1000,15,IF(L3>500,7,0))+IF(G3="Unknown-Device",10,0) -> 20 | S3: Fraud Score Explanation "The Fraud Score is a risk indicator assigned to each transaction, ranging from 0 to 100. It is built on five behavioural signals that are commonly associated with fraudulent activity in online gaming. A location mismatch between a player's registered country and their login country carries the highest weight at +30 points, as this is the strongest single indicator of account compromise or the use of a VPN or proxy. A win ratio above 3x the bet amount adds +25 points, flagging returns that are statistically abnormal and may point to collusion or exploitation. Players without KYC verification add +20 points, reflecting the higher risk that comes with an unverified identity. Large bets above R1,000 add +15 points, with bets above R500 adding +7, to capture potential money laundering at the placement stage. Transactions from an unknown or unrecognised device add +10 points, which can indicate bot activity or the use of a temporary device. Any transaction scoring 60 or above is treated as high risk and flagged for review."
A4: TX10002 | B4: PLY00077 | C4: user_70332 | D4: 45985 | E4: 13:44 | F4: Casino-Table | G4: Desktop-Firefox | H4: South Africa | I4: South Africa | J4: Durban | K4: Yes | L4: 132.55 | M4: 246.5 | N4: 113.95 | O4: No | P4: 2 | Q4: =IF(L4=0,0,M4/L4) -> 1.8596756 | R4: =IF(O4="YES",30,0)+IF(Q4>3,25,IF(Q4>2,10,0))+IF(K4="No",20,0)+IF(L4>1000,15,IF(L4>500,7,0))+IF(G4="Unknown-Device",10,0) -> 0
A5: TX10003 | B5: PLY00124 | C5: user_13365 | D5: 45712 | E5: 07:24 | F5: Sports-Cricket | G5: Desktop-Chrome | H5: South Africa | I5: South Africa | J5: Johannesburg | K5: No | L5: 290.24 | M5: 367.03 | N5: 76.79 | O5: No | P5: 1 | Q5: =IF(L5=0,0,M5/L5) -> 1.2645741 | R5: =IF(O5="YES",30,0)+IF(Q5>3,25,IF(Q5>2,10,0))+IF(K5="No",20,0)+IF(L5>1000,15,IF(L5>500,7,0))+IF(G5="Unknown-Device",10,0) -> 20
A6: TX10004 | B6: PLY00006 | C6: user_54118 | D6: 46082 | E6: 21:25 | F6: Sports-Cricket | G6: Unknown-Device | H6: South Africa | I6: South Africa | J6: Johannesburg | K6: Yes | L6: 144.5 | M6: 179.91 | N6: 35.41 | O6: No | P6: 0 | Q6: =IF(L6=0,0,M6/L6) -> 1.2450519 | R6: =IF(O6="YES",30,0)+IF(Q6>3,25,IF(Q6>2,10,0))+IF(K6="No",20,0)+IF(L6>1000,15,IF(L6>500,7,0))+IF(G6="Unknown-Device",10,0) -> 10
A7: TX10005 | B7: PLY00013 | C7: user_89840 | D7: 45968 | E7: 23:31 | F7: Bonus-Wagering | G7: Mobile-iOS | H7: Zimbabwe | I7: Zimbabwe | J7: Harare | K7: Yes | L7: 418.09 | M7: 830.52 | N7: 412.43 | O7: No | P7: 0 | Q7: =IF(L7=0,0,M7/L7) -> 1.9864622 | R7: =IF(O7="YES",30,0)+IF(Q7>3,25,IF(Q7>2,10,0))+IF(K7="No",20,0)+IF(L7>1000,15,IF(L7>500,7,0))+IF(G7="Unknown-Device",10,0) -> 0
A8: TX10006 | B8: PLY00156 | C8: user_32782 | D8: 46068 | E8: 11:14 | F8: Sports-Cricket | G8: Unknown-Device | H8: South Africa | I8: South Africa | J8: Johannesburg | K8: Yes | L8: 321.94 | M8: 439.76 | N8: 117.82 | O8: No | P8: 0 | Q8: =IF(L8=0,0,M8/L8) -> 1.3659688 | R8: =IF(O8="YES",30,0)+IF(Q8>3,25,IF(Q8>2,10,0))+IF(K8="No",20,0)+IF(L8>1000,15,IF(L8>500,7,0))+IF(G8="Unknown-Device",10,0) -> 10
A9: TX10007 | B9: PLY00197 | C9: user_49251 | D9: 45995 | E9: 21:53 | F9: Sports-Cricket | G9: Unknown-Device | H9: South Africa | I9: South Africa | J9: Johannesburg | K9: No | L9: 77.02 | M9: 16.46 | N9: -60.56 | O9: No | P9: 0 | Q9: =IF(L9=0,0,M9/L9) -> 0.21371072 | R9: =IF(O9="YES",30,0)+IF(Q9>3,25,IF(Q9>2,10,0))+IF(K9="No",20,0)+IF(L9>1000,15,IF(L9>500,7,0))+IF(G9="Unknown-Device",10,0) -> 30
A10: TX10008 | B10: PLY00011 | C10: user_46434 | D10: 45816 | E10: 14:02 | F10: Casino-Slots | G10: Desktop-Chrome | H10: Romania | I10: Romania | J10: Bucharest | K10: Yes | L10: 293.99 | M10: 473.67 | N10: 179.68 | O10: No | P10: 2 | Q10: =IF(L10=0,0,M10/L10) -> 1.6111773 | R10: =IF(O10="YES",30,0)+IF(Q10>3,25,IF(Q10>2,10,0))+IF(K10="No",20,0)+IF(L10>1000,15,IF(L10>500,7,0))+IF(G10="Unknown-Device",10,0) -> 0
A11: TX10009 | B11: PLY00084 | C11: user_67154 | D11: 46040 | E11: 13:11 | F11: Sports-Football | G11: Tablet | H11: South Africa | I11: South Africa | J11: Johannesburg | K11: Yes | L11: 108.39 | M11: 187.55 | N11: 79.16 | O11: No | P11: 2 | Q11: =IF(L11=0,0,M11/L11) -> 1.7303257 | R11: =IF(O11="YES",30,0)+IF(Q11>3,25,IF(Q11>2,10,0))+IF(K11="No",20,0)+IF(L11>1000,15,IF(L11>500,7,0))+IF(G11="Unknown-Device",10,0) -> 0
A12: TX10010 | B12: PLY00129 | C12: user_65057 | D12: 45797 | E12: 05:16 | F12: Bonus-Wagering | G12: Desktop-Chrome | H12: South Africa | I12: South Africa | J12: Pretoria | K12: No | L12: 457.88 | M12: 951.11 | N12: 493.23 | O12: No | P12: 0 | Q12: =IF(L12=0,0,M12/L12) -> 2.0772036 | R12: =IF(O12="YES",30,0)+IF(Q12>3,25,IF(Q12>2,10,0))+IF(K12="No",20,0)+IF(L12>1000,15,IF(L12>500,7,0))+IF(G12="Unknown-Device",10,0) -> 30
A13: TX10011 | B13: PLY00192 | C13: user_54375 | D13: 45831 | E13: 03:29 | F13: Casino-Table | G13: Unknown-Device | H13: Russia | I13: Russia | J13: Moscow | K13: Yes | L13: 481.82 | M13: 149.2 | N13: -332.62 | O13: No | P13: 0 | Q13: =IF(L13=0,0,M13/L13) -> 0.30965921 | R13: =IF(O13="YES",30,0)+IF(Q13>3,25,IF(Q13>2,10,0))+IF(K13="No",20,0)+IF(L13>1000,15,IF(L13>500,7,0))+IF(G13="Unknown-Device",10,0) -> 10
A14: TX10012 | B14: PLY00186 | C14: user_41300 | D14: 46003 | E14: 12:54 | F14: Bonus-Wagering | G14: Desktop-Firefox | H14: Unknown | I14: Unknown | J14: VPN/Proxy | K14: Yes | L14: 404.25 | M14: 325.3 | N14: -78.95 | O14: No | P14: 0 | Q14: =IF(L14=0,0,M14/L14) -> 0.80470006 | R14: =IF(O14="YES",30,0)+IF(Q14>3,25,IF(Q14>2,10,0))+IF(K14="No",20,0)+IF(L14>1000,15,IF(L14>500,7,0))+IF(G14="Unknown-Device",10,0) -> 0
A15: TX10013 | B15: PLY00004 | C15: user_81426 | D15: 45793 | E15: 17:07 | F15: Sports-Cricket | G15: Desktop-Chrome | H15: South Africa | I15: South Africa | J15: Johannesburg | K15: Yes | L15: 232.85 | M15: 344.67 | N15: 111.82 | O15: No | P15: 0 | Q15: =IF(L15=0,0,M15/L15) -> 1.4802233 | R15: =IF(O15="YES",30,0)+IF(Q15>3,25,IF(Q15>2,10,0))+IF(K15="No",20,0)+IF(L15>1000,15,IF(L15>500,7,0))+IF(G15="Unknown-Device",10,0) -> 0
... A501: TX10499 | B501: PLY00148 | C501: user_47268 | D501: 46078 | E501: 07:58 | F501: Sports-Cricket | G501: Desktop-Firefox | H501: Romania | I501: Romania | J501: Bucharest | K501: Yes | L501: 136.74 | M501: 116.73 | N501: -20.01 | O501: No | P501: 0 | Q501: =IF(L501=0,0,M501/L501) -> 0.85366389 | R501: =IF(O501="YES",30,0)+IF(Q501>3,25,IF(Q501>2,10,0))+IF(K501="No",20,0)+IF(L501>1000,15,IF(L501>500,7,0))+IF(G501="Unknown-Device",10,0) -> 0

Sheet Bonuses
A1: Bonus ID | B1: Player ID | C1: Username | D1: Date | E1: Bonus Type | F1: Reg Country | G1: KYC Verified | H1: Bonus Amount (R) | I1: Amount Wagered (R) | J1: Amount Withdrawn (R) | K1: Wager Ratio | L1: Multi-Account Flag | M1: VIP Level | N1: ABUSE SCORE
A2: BON5000 | B2: PLY00111 | C2: user_80545 | D2: 45819 | E2: VIP Bonus | F2: Romania | G2: Yes | H2: 24.73 | I2: 64.74 | J2: 5.29 | K2: 2.62 | L2: No | M2: 0 | N2: =IF(L2="YES",35,0)+IF(K2<0.5,30,IF(K2<1,15,0))+IF(G2="No",20,0)+IF(J2/H2>0.6,15,0) -> 0 | O2: Abuse Score Explanation "The Abuse Score is a risk indicator assigned to each bonus record, ranging from 0 to 100. It is designed to identify players who are taking advantage of promotions and bonuses rather than engaging in genuine gameplay. A multi-account flag carries the highest weight at +35 points, as claiming multiple bonuses across linked accounts is the most direct form of bonus abuse. A wager ratio below 50% of the bonus amount adds +30 points, while a ratio below 100% adds +15, both pointing to players who withdraw bonus value without playing through it. Missing KYC verification adds +20 points, as unverified players are harder to trace and more likely to repeat the behaviour across accounts. A withdrawal that exceeds 60% of the original bonus amount adds +15 points, which is a common pattern in bonus harvesting where players take out promotional value with little genuine play. Any bonus record scoring 50 or above is flagged for investigation."
A3: BON5001 | B3: PLY00185 | C3: user_82340 | D3: 45974 | E3: No Deposit | F3: South Africa | G3: No | H3: 37.71 | I3: 106.12 | J3: 0.69 | K3: 2.81 | L3: No | M3: 0 | N3: =IF(L3="YES",35,0)+IF(K3<0.5,30,IF(K3<1,15,0))+IF(G3="No",20,0)+IF(J3/H3>0.6,15,0) -> 20
A4: BON5002 | B4: PLY00019 | C4: user_44438 | D4: 45841 | E4: Free Spins | F4: Kenya | G4: Yes | H4: 279.85 | I4: 304.08 | J4: 88.08 | K4: 1.09 | L4: No | M4: 0 | N4: =IF(L4="YES",35,0)+IF(K4<0.5,30,IF(K4<1,15,0))+IF(G4="No",20,0)+IF(J4/H4>0.6,15,0) -> 0
A5: BON5003 | B5: PLY00156 | C5: user_32782 | D5: 45702 | E5: No Deposit | F5: South Africa | G5: Yes | H5: 98.82 | I5: 326.31 | J5: 15.08 | K5: 3.3 | L5: No | M5: 0 | N5: =IF(L5="YES",35,0)+IF(K5<0.5,30,IF(K5<1,15,0))+IF(G5="No",20,0)+IF(J5/H5>0.6,15,0) -> 0
A6: BON5004 | B6: PLY00170 | C6: user_63955 | D6: 45673 | E6: Cashback | F6: Romania | G6: Yes | H6: 152.72 | I6: 342.15 | J6: 8.33 | K6: 2.24 | L6: No | M6: 0 | N6: =IF(L6="YES",35,0)+IF(K6<0.5,30,IF(K6<1,15,0))+IF(G6="No",20,0)+IF(J6/H6>0.6,15,0) -> 0
A7: BON5005 | B7: PLY00140 | C7: user_58368 | D7: 45809 | E7: No Deposit | F7: South Africa | G7: Yes | H7: 288.84 | I7: 343.43 | J7: 78.25 | K7: 1.19 | L7: No | M7: 0 | N7: =IF(L7="YES",35,0)+IF(K7<0.5,30,IF(K7<1,15,0))+IF(G7="No",20,0)+IF(J7/H7>0.6,15,0) -> 0
A8: BON5006 | B8: PLY00187 | C8: user_51704 | D8: 45989 | E8: Referral Bonus | F8: Russia | G8: Yes | H8: 124.48 | I8: 418.7 | J8: 27.56 | K8: 3.36 | L8: No | M8: 1 | N8: =IF(L8="YES",35,0)+IF(K8<0.5,30,IF(K8<1,15,0))+IF(G8="No",20,0)+IF(J8/H8>0.6,15,0) -> 0
A9: BON5007 | B9: PLY00037 | C9: user_19305 | D9: 45721 | E9: Referral Bonus | F9: South Africa | G9: Yes | H9: 31.7 | I9: 74.38 | J9: 5 | K9: 2.35 | L9: No | M9: 0 | N9: =IF(L9="YES",35,0)+IF(K9<0.5,30,IF(K9<1,15,0))+IF(G9="No",20,0)+IF(J9/H9>0.6,15,0) -> 0
A10: BON5008 | B10: PLY00022 | C10: user_65333 | D10: 45814 | E10: Reload Bonus | F10: South Africa | G10: Yes | H10: 78.81 | I10: 220.81 | J10: 22.88 | K10: 2.8 | L10: No | M10: 0 | N10: =IF(L10="YES",35,0)+IF(K10<0.5,30,IF(K10<1,15,0))+IF(G10="No",20,0)+IF(J10/H10>0.6,15,0) -> 0
A11: BON5009 | B11: PLY00106 | C11: user_28136 | D11: 45988 | E11: Referral Bonus | F11: Romania | G11: Yes | H11: 258.41 | I11: 306.12 | J11: 19.02 | K11: 1.18 | L11: No | M11: 0 | N11: =IF(L11="YES",35,0)+IF(K11<0.5,30,IF(K11<1,15,0))+IF(G11="No",20,0)+IF(J11/H11>0.6,15,0) -> 0
A12: BON5010 | B12: PLY00065 | C12: user_36685 | D12: 45757 | E12: Welcome Bonus | F12: South Africa | G12: Yes | H12: 52.09 | I12: 136.04 | J12: 11.82 | K12: 2.61 | L12: No | M12: 2 | N12: =IF(L12="YES",35,0)+IF(K12<0.5,30,IF(K12<1,15,0))+IF(G12="No",20,0)+IF(J12/H12>0.6,15,0) -> 0
A13: BON5011 | B13: PLY00193 | C13: user_98389 | D13: 45939 | E13: Welcome Bonus | F13: South Africa | G13: No | H13: 149.15 | I13: 340.67 | J13: 17.34 | K13: 2.28 | L13: No | M13: 0 | N13: =IF(L13="YES",35,0)+IF(K13<0.5,30,IF(K13<1,15,0))+IF(G13="No",20,0)+IF(J13/H13>0.6,15,0) -> 20
A14: BON5012 | B14: PLY00065 | C14: user_36685 | D14: 45708 | E14: Free Spins | F14: South Africa | G14: Yes | H14: 75.28 | I14: 178.23 | J14: 28.65 | K14: 2.37 | L14: No | M14: 2 | N14: =IF(L14="YES",35,0)+IF(K14<0.5,30,IF(K14<1,15,0))+IF(G14="No",20,0)+IF(J14/H14>0.6,15,0) -> 0
... A201: BON5199 | B201: PLY00179 | C201: user_48254 | D201: 46000 | E201: Welcome Bonus | F201: South Africa | G201: Yes | H201: 25.15 | I201: 59.71 | J201: 6.68 | K201: 2.37 | L201: No | M201: 0 | N201: =IF(L201="YES",35,0)+IF(K201<0.5,30,IF(K201<1,15,0))+IF(G201="No",20,0)+IF(J201/H201>0.6,15,0) -> 0

Sheet 🚨 Fraud Alerts
B2: 🚨 FRAUD & ABUSE ALERT CENTRE — Real-Time Risk Flags
B6: High Risk TX (Score≥60) | E6: Location Mismatches | H6: Bonus Abuse Flags | K6: No-KYC Active Players
B7: =COUNTIF(Transactions!R2:R501,">=60") -> 16 | E7: =COUNTIF(Transactions!O2:O501,"YES") -> 22 | H7: =COUNTIF(Bonuses!N2:N201,">=50") -> 8 | K7: =COUNTIF(Transactions!K2:K501,"No") -> 134
B8: ↑ vs last period | E8: ↑ vs last period | H8: ↑ vs last period | K8: ↑ vs last period
B11: 📍 LOGIN LOCATION ANOMALIES — Players logging in from unexpected countries
B12: TX ID | C12: Player ID | D12: Username | E12: Reg Country | F12: Login Country | G12: Login City | H12: Bet (R) | I12: Win (R) | J12: Win Ratio | K12: KYC | L12: Fraud Score | M12: Status
B13: TX10056 | C13: PLY00023 | D13: user_79352 | E13: South Africa | F13: Romania | G13: VPN/Proxy | H13: 5372.85 | I13: 15412.4 | J13: 2.87 | K13: Yes | L13: 65 | M13: 🔴 HIGH RISK
B14: TX10063 | C14: PLY00015 | D14: user_99733 | E14: Zimbabwe | F14: Romania | G14: VPN/Proxy | H14: 849.75 | I14: 2375.55 | J14: 2.8 | K14: Yes | L14: 47 | M14: 🟡 REVIEW
B15: TX10085 | C15: PLY00007 | D15: user_89131 | E15: South Africa | F15: Romania | G15: Bucharest | H15: 4091.34 | I15: 8265.88 | J15: 2.02 | K15: Yes | L15: 55 | M15: 🟡 REVIEW
B16: TX10086 | C16: PLY00082 | D16: user_55309 | E16: South Africa | F16: Romania | G16: Bucharest | H16: 1779.68 | I16: 4581.92 | J16: 2.57 | K16: Yes | L16: 55 | M16: 🟡 REVIEW
B17: TX10102 | C17: PLY00099 | D17: user_77889 | E17: Russia | F17: Nigeria | G17: Lagos | H17: 9096.09 | I17: 29126.09 | J17: 3.2 | K17: Yes | L17: 70 | M17: 🔴 HIGH RISK
B18: TX10114 | C18: PLY00023 | D18: user_79352 | E18: South Africa | F18: Unknown | G18: Lagos | H18: 7098.73 | I18: 23319.27 | J18: 3.28 | K18: Yes | L18: 70 | M18: 🔴 HIGH RISK
B19: TX10124 | C19: PLY00044 | D19: user_68800 | E19: South Africa | F19: Russia | G19: Lagos | H19: 8335.53 | I19: 27688.7 | J19: 3.32 | K19: Yes | L19: 70 | M19: 🔴 HIGH RISK
B20: TX10171 | C20: PLY00067 | D20: user_53719 | E20: South Africa | F20: Nigeria | G20: Lagos | H20: 3308.1 | I20: 12411.27 | J20: 3.75 | K20: No | L20: 90 | M20: 🔴 HIGH RISK
B21: TX10180 | C21: PLY00015 | D21: user_99733 | E21: Zimbabwe | F21: Romania | G21: Moscow | H21: 5696.81 | I21: 20602.36 | J21: 3.62 | K21: Yes | L21: 80 | M21: 🔴 HIGH RISK
B22: TX10290 | C22: PLY00113 | D22: user_97670 | E22: South Africa | F22: Russia | G22: Bucharest | H22: 8703.97 | I22: 22761.2 | J22: 2.62 | K22: Yes | L22: 55 | M22: 🟡 REVIEW
B23: TX10295 | C23: PLY00178 | D23: user_70482 | E23: South Africa | F23: Russia | G23: Moscow | H23: 7296.1 | I23: 15150.74 | J23: 2.08 | K23: No | L23: 75 | M23: 🔴 HIGH RISK
B24: TX10311 | C24: PLY00015 | D24: user_99733 | E24: Zimbabwe | F24: Romania | G24: VPN/Proxy | H24: 6194.36 | I24: 12070.19 | J24: 1.95 | K24: Yes | L24: 55 | M24: 🟡 REVIEW
... B32: TX10469 | C32: PLY00099 | D32: user_77889 | E32: Russia | F32: Nigeria | G32: Bucharest | H32: 3044.44 | I32: 13400.72 | J32: 4.4 | K32: Yes | L32: 70 | M32: 🔴 HIGH RISK
B35: 🎁 BONUS ABUSE FLAGS — Players with suspicious bonus claiming patterns
B36: Bonus ID | C36: Player ID | D36: Username | E36: Bonus Type | F36: Bonus Amt | G36: Wagered | H36: Withdrawn | I36: Wager Ratio | J36: Multi-Acc | K36: KYC | L36: Reg Country | M36: Abuse Score
B37: BON5014 | C37: PLY00082 | D37: user_55309 | E37: Referral Bonus | F37: 1011.16 | G37: 350.4 | H37: 699.42 | I37: 0.35 | J37: YES | K37: Yes | L37: South Africa | M37: 80
B38: BON5058 | C38: PLY00145 | D38: user_39816 | E38: Referral Bonus | F38: 1301.39 | G38: 646.43 | H38: 936.01 | I38: 0.5 | J38: YES | K38: Yes | L38: Russia | M38: 65
B39: BON5093 | C39: PLY00067 | D39: user_53719 | E39: Free Spins | F39: 1187.41 | G39: 231.37 | H39: 880.35 | I39: 0.19 | J39: YES | K39: No | L39: South Africa | M39: 100
B40: BON5121 | C40: PLY00067 | D40: user_53719 | E40: Free Spins | F40: 746.43 | G40: 74.67 | H40: 630.45 | I40: 0.1 | J40: No | K40: No | L40: South Africa | M40: 65
B41: BON5127 | C41: PLY00178 | D41: user_70482 | E41: Reload Bonus | F41: 689.36 | G41: 247.74 | H41: 523.63 | I41: 0.36 | J41: YES | K41: No | L41: South Africa | M41: 100
B42: BON5131 | C42: PLY00113 | D42: user_97670 | E42: Cashback | F42: 214.77 | G42: 29.23 | H42: 129.81 | I42: 0.14 | J42: YES | K42: Yes | L42: South Africa | M42: 80
B43: BON5149 | C43: PLY00113 | D43: user_97670 | E43: Free Spins | F43: 730.49 | G43: 276.72 | H43: 479.88 | I43: 0.38 | J43: YES | K43: Yes | L43: South Africa | M43: 80
B44: BON5184 | C44: PLY00145 | D44: user_39816 | E44: Cashback | F44: 788.3 | G44: 298.85 | H44: 509.21 | I44: 0.38 | J44: YES | K44: Yes | L44: Russia | M44: 80
